{
  "pr_size": {
    "merged": {
      "median": 38.0,
      "mean": 641.7918868797981,
      "std": 25282.599480269244,
      "min": 0,
      "max": 11143920,
      "count": 725812
    },
    "not_merged": {
      "median": 36.0,
      "mean": 2595.8473524600877,
      "std": 93262.21989601485,
      "min": 0,
      "max": 13366477,
      "count": 221923
    },
    "overall": {
      "median": 37.0,
      "mean": 1099.356344336761,
      "std": 50268.36270685949,
      "min": 0,
      "max": 13366477,
      "count": 947735
    }
  },
  "analysis_time_hours": {
    "merged": {
      "median": 33.49,
      "mean": 336.950533912363,
      "std": 1446.8378968203922,
      "min": 1.0,
      "max": 89052.21,
      "count": 725812
    },
    "not_merged": {
      "median": 147.1,
      "mean": 1780.8521926974672,
      "std": 4933.46213269904,
      "min": 1.0,
      "max": 116725.73,
      "count": 221923
    },
    "overall": {
      "median": 48.14,
      "mean": 675.0566372245406,
      "std": 2770.610709199128,
      "min": 1.0,
      "max": 116725.73,
      "count": 947735
    }
  },
  "description_length": {
    "merged": {
      "median": 318.0,
      "mean": 647.5648391043411,
      "std": 1367.4851232871647,
      "min": 0,
      "max": 244320,
      "count": 725812
    },
    "not_merged": {
      "median": 340.0,
      "mean": 644.1357948477626,
      "std": 1452.7942671818655,
      "min": 0,
      "max": 183243,
      "count": 221923
    },
    "overall": {
      "median": 324.0,
      "mean": 646.7618891356761,
      "std": 1387.931454480405,
      "min": 0,
      "max": 244320,
      "count": 947735
    }
  },
  "interactions": {
    "merged": {
      "median": 3.0,
      "mean": 5.763598562713209,
      "std": 10.674133060533306,
      "min": 0,
      "max": 473,
      "count": 725812
    },
    "not_merged": {
      "median": 5.0,
      "mean": 8.653551006430158,
      "std": 12.859812305347562,
      "min": 0,
      "max": 1497,
      "count": 221923
    },
    "overall": {
      "median": 3.0,
      "mean": 6.4403140118282005,
      "std": 11.290677750023804,
      "min": 0,
      "max": 1497,
      "count": 947735
    }
  },
  "num_reviews": {
    "merged": {
      "median": 2.0,
      "mean": 3.8634687770386824,
      "std": 7.3112239751900905,
      "min": 1,
      "max": 539,
      "count": 725812
    },
    "not_merged": {
      "median": 2.0,
      "mean": 4.31094118230197,
      "std": 8.47713291950311,
      "min": 1,
      "max": 1686,
      "count": 221923
    },
    "overall": {
      "median": 2.0,
      "mean": 3.968249563432816,
      "std": 7.602646001313982,
      "min": 1,
      "max": 1686,
      "count": 947735
    }
  }
}